artista,gruppo
Willow Kling,Kurt Harvey
Akeem Blanda,Zane Bode
Elenora Steuber,Patrick Rutherford
Osvaldo Hyatt,Lilyan Bins
Graciela Kuvalis,Blaise Bradtke
Francisca Monahan,Virginia Sauer
Keagan Mann,Anita Rippin
Archibald Pacocha,Virginia Sauer
Albertha Harris,Forest Bins
Gayle Walker,Melvina Welch
Willy Heller,Veronica Miller
Gabe Morar,Sabryna Abbott
Kirsten Weissnat,Blaise Bradtke
Victoria Hodkiewicz,Dessie Daugherty
Archibald Pacocha,Lexus Cole
Lia Christiansen,Billy Anderson
Tyreek Padberg,Sabryna Abbott
Gayle Walker,Harmon Walter
Elenora Steuber,Beau Gibson
Clint Brakus,Neoma Gusikowski
Osvaldo Hyatt,Sabryna Abbott
Arden Carter,Harmon Walter
Torrance Howell,Sabryna Abbott
Gage Fisher,Braeden Mayert
Gideon Pacocha,Sven McKenzie
Kayla McLaughlin,Kurt Harvey
Burdette Ankunding,Sven McKenzie
Bonita Larson,Sven McKenzie
Burdette Ankunding,Virginia Sauer
Vivien Thiel,Torrance Baumbach
Aron Dietrich,Turner Lebsack
Geovanny Bayer,Brittany Morissette
Bonita Larson,Zane Bode
Graciela Kuvalis,Tate Denesik
Hailey Schroeder,Forest Bins
Kasey Weissnat,Anita Rippin
Shania Greenholt,Lance Marquardt
Ima Hilpert,Blaise Bradtke
Ernesto Zboncak,Tressa Johns
Evert Schneider,Emelia Friesen
